{"input": [1614731311, 315215031, 248108803, 2175695693, 1060518544, 529619225, 1519174010, 140654258, 5209811197, -341910013, -253142930, -1217967039, -642897023], "scale": 1e-18, "out": [4.374385298433481e-07, 0.9999995231628418], "label": 1}