{"input": [-991834147, 1274581981, 1294082368, 2544639142, 114329112, 1400703477, 2088660672, 1330398928, -554138047, -341910013, -253142930, -1217967039, -642897023], "scale": 1e-18, "out": [1.8832903947441082e-07, 0.9999997615814209], "label": 1}